{
  "version": "2.0",
  "logging": {
    "applicationInsights": {
      "samplingSettings": {
        "isEnabled": true,
        "excludedTypes": "Request"
      }
    }
  },
  "extensionBundle": {
    "id": "Microsoft.Azure.Functions.ExtensionBundle",
    "version": "[4.*, 5.0.0)"
  },
  "functionTimeout": "00:05:00",
  "aggregator": {
    "batchSize": 1000,
    "flushTimeout": "00:00:30"
  },
  "retry": {
    "strategy": "exponentialBackoff",
    "maxRetryCount": 3,
    "delayInterval": "00:00:05",
    "maximumInterval": "00:00:30"
  }
}
